Name,Maths,Science,English,Total,Average,Grade
Alice,85,90,88,263,87.66666666666667,A
Bob,70,75,72,217,72.33333333333333,B
Charlie,95,85,91,271,90.33333333333333,A+
David,60,65,58,183,61.0,C
Eva,80,88,84,252,84.0,A
